Thibault de Montalembert,58
Gregory Montel,43
Laure Calamy,44
Thibault de Montalembert,58
Gregory Montel,43
Laure Calamy,44
Thibault de Montalembert,58
Gregory Montel,43
Laure Calamy,44
Thibault de Montalembert,58
Gregory Montel,43
Laure Calamy,44
Thibault de Montalembert,58
Gregory Montel,43
Laure Calamy,44
Thibault de Montalembert,58
Gregory Montel,43
Laure Calamy,44
Camille Cottin,41
Thibault de Montalembert,58
Laure Calamy,44
Camille Cottin,41
Thibault de Montalembert,58
Laure Calamy,44
Thibault de Montalembert,58
Gregory Montel,43
Laure Calamy,44
Thibault de Montalembert,58
Gregory Montel,43
Laure Calamy,44
Thibault de Montalembert,58
Thibault de Montalembert,58
Gregory Montel,43
Laure Calamy,44
Camille Cottin,41
Camille Cottin,41
Thibault de Montalembert,58
Gregory Montel,43
Laure Calamy,44
